{
	"class_name" : "PinholeCameraParameters",
	"extrinsic" : 
	[
		0.040211336721158356,
		-0.54900379046671222,
		0.83485201470217463,
		0.0,
		-0.99885508658275046,
		-0.00041675242309532207,
		0.04783662117231903,
		0.0,
		-0.025914559746670181,
		-0.83581975591068691,
		-0.54839198683290047,
		0.0,
		0.085210076219414066,
		0.19546550091436946,
		0.53326189618118414,
		1.0
	],
	"intrinsic" : 
	{
		"height" : 873,
		"intrinsic_matrix" : 
		[
			756.04017750381502,
			0.0,
			0.0,
			0.0,
			756.04017750381502,
			0.0,
			577.0,
			436.0,
			1.0
		],
		"width" : 1155
	},
	"version_major" : 1,
	"version_minor" : 0
}