{
	"class_name" : "PinholeCameraParameters",
	"extrinsic" : 
	[
		0.91684060963440372,
		0.15700415650818642,
		-0.36708717134267699,
		0.0,
		0.39550096654133665,
		-0.23139269159552592,
		0.88883992245006993,
		0.0,
		0.054610273667905017,
		-0.96010786743747234,
		-0.27424551207738257,
		0.0,
		-0.20948816231942421,
		0.050430491148779552,
		0.25602245080657388,
		1.0
	],
	"intrinsic" : 
	{
		"height" : 1080,
		"intrinsic_matrix" : 
		[
			935.30743608719376,
			0.0,
			0.0,
			0.0,
			935.30743608719376,
			0.0,
			959.5,
			539.5,
			1.0
		],
		"width" : 1920
	},
	"version_major" : 1,
	"version_minor" : 0
}